taxa	code	order	family	clade_mag7 	number_mag7	color_mag7	color_mag7_hex
Acanthisitta_chloris	ACACHL	Passeriformes	Acanthisittidae	Telluraves	1	green	#32A287
Acrocephalus_arundinaceus	ACRARU	Passeriformes	Acrocephalidae	Telluraves	1	green	#32A287
Aegithalos_caudatus	AEGCAU	Passeriformes	Aegithalidae	Telluraves	1	green	#32A287
Aegotheles_bennettii	AEGBEN	Strisores	Aegothelidae	Strisores	8	brown	#C4D6B0
Agapornis_roseicollis	AGAROS	Psittaciformes	Psittaculidae	Telluraves	1	green	#32A287
Agelaius_phoeniceus	AGEPHO	Passeriformes	Icteridae	Telluraves	1	green	#32A287
Alaudala_cheleensis	ALACHE	Passeriformes	Alaudidae	Telluraves	1	green	#32A287
Alca_torda	ALCTOR	Charadriiformes	Alcidae	Cursorimorphae	4	yellow	#E4D6A0
Aleadryas_rufinucha	ALERUF	Passeriformes	Oreoicidae	Telluraves	1	green	#32A287
Alectura_lathami	ALELAT	Galliformes	Megapodiidae	Galloanseres	NA	black	#7D0D14
Alopecoenas_beccarii	ALOBEC	Columbiformes	Columbidae	Columbimorphae	6	purple	#F3722C
Amazona_guildingii	AMAGUI	Psittaciformes	Psittacidae	Telluraves	1	green	#32A287
Anas_platyrhynchos	ANAPLA	Anseriformes	Anatidae	Galloanseres	NA	black	#7D0D14
Anas_zonorhyncha	ANAZON	Anseriformes	Anatidae	Galloanseres	NA	black	#7D0D14
Anhinga_anhinga	ANHANH	Pelecaniformes	Anhingidae	Aequornithes	2	darkblue	#1F7A8C
Anhinga_rufa	ANHRUF	Pelecaniformes	Anhingidae	Aequornithes	2	darkblue	#1F7A8C
Anser_cygnoid	ANSCYG	Anseriformes	Anatidae	Galloanseres	NA	black	#7D0D14
Anseranas_semipalmata	ANSSEM	Anseriformes	Anseranatidae	Galloanseres	NA	black	#7D0D14
Anthoscopus_minutus	ANTMIN	Passeriformes	Remizidae	Telluraves	1	green	#32A287
Antrostomus_carolinensis	ANTCAR	Strisores	Caprimulgidae	Strisores	8	brown	#C4D6B0
Apaloderma_vittatum	APAVIT	Trogoniformes	Trogonidae	Telluraves	1	green	#32A287
Aphelocoma_coerulescens	APHCOE	Passeriformes	Corvidae	Telluraves	1	green	#32A287
Aptenodytes_forsteri	APTFOR	Sphenisciformes	Spheniscidae	Aequornithes	2	darkblue	#1F7A8C
Apteryx_australis	APTAUS	Apterygiformes	Apterygidae	Palaeognathae	NA	black	#570407
Apteryx_haastii	APTHAA	Apterygiformes	Apterygidae	Palaeognathae	NA	black	#570407
Apteryx_owenii	APTOWE	Apterygiformes	Apterygidae	Palaeognathae	NA	black	#570407
Apteryx_rowi	APTROW	Apterygiformes	Apterygidae	Palaeognathae	NA	black	#570407
Aquila_chrysaetos	AQUCHR	Accipitriformes	Accipitridae	Telluraves	1	green	#32A287
Aramus_guarauna	ARAGUA	Gruiformes	Aramidae	Cursorimorphae	4	orange	#E4D6A0
Ardeotis_kori	ARDKOR	Otidiformes	Otididae	Otidimorphae	5	red	#F8961E
Arenaria_interpres	AREINT	Charadriiformes	Scolopacidae	Cursorimorphae	4	yellow	#E4D6A0
Asarcornis_scutulata	ASASCU	Anseriformes	Anatidae	Galloanseres	NA	black	#7D0D14
Atlantisia_rogersi	ATLROG	Gruiformes	Rallidae	Cursorimorphae	4	orange	#E4D6A0
Atrichornis_clamosus	ATRCLA	Passeriformes	Atrichornithidae	Telluraves	1	green	#32A287
Balaeniceps_rex	BALREX	Pelecaniformes	Balaenicipitidae	Aequornithes	2	darkblue	#1F7A8C
Balearica_regulorum	BALREG	Gruiformes	Gruidae	Cursorimorphae	4	yellow	#E4D6A0
Baryphthengus_martii	BARMAR	Coraciiformes	Momotidae	Telluraves	1	green	#32A287
Bombycilla_garrulus	BOMGAR	Passeriformes	Bombycillidae	Telluraves	1	green	#32A287
Brachypodius_atriceps	BRAATR	Passeriformes	Pycnonotidae	Telluraves	1	green	#32A287
Brachypteracias_leptosomus	BRALEP	Coraciiformes	Brachypteraciidae	Telluraves	1	green	#32A287
Bucco_capensis	BUCCAP	Piciformes	Bucconidae	Telluraves	1	green	#32A287
Buceros_rhinoceros	BUCRHI	Bucerotiformes	Bucerotidae	Telluraves	1	green	#32A287
Bucorvus_abyssinicus	BUCABY	Bucerotiformes	Bucerotidae	Telluraves	1	green	#32A287
Buphagus_erythrorhynchus	BUPERY	Passeriformes	Buphagidae	Telluraves	1	green	#32A287
Burhinus_bistriatus	BURBIS	Charadriiformes	Burhinidae	Cursorimorphae	4	yellow	#E4D6A0
Cairina_moschata	CAIMOS	Anseriformes	Anatidae	Galloanseres	NA	black	#7D0D14
Calcarius_ornatus	CALORN	Passeriformes	Plectrophenacidae	Telluraves	1	green	#32A287
Calidris_pugnax	CALPUG	Charadriiformes	Scolopacidae	Cursorimorphae	4	yellow	#E4D6A0
Callaeas_wilsoni	CALWIL	Passeriformes	Callaeidae	Telluraves	1	green	#32A287
Callipepla_squamata	CALSQU	Galliformes	Odontophoridae	Galloanseres	NA	black	#7D0D14
Caloenas_nicobarica	CALNIC	Columbiformes	Columbidae	Columbimorphae	6	purple	#F3722C
Calonectris_borealis	CALBOR	Procellariiformes	Procellariidae	Aequornithes	2	darkblue	#1F7A8C
Calypte_anna	CALANN	Strisores	Trochilidae	Strisores	8	brown	#C4D6B0
Calyptomena_viridis	CALVIR	Passeriformes	Calyptomenidae	Telluraves	1	green	#32A287
Campylorhamphus_procurvoides	CAMPRO	Passeriformes	Dendrocolaptidae	Telluraves	1	green	#32A287
Cardinalis_cardinalis	CARCAR	Passeriformes	Cardinalidae	Telluraves	1	green	#32A287
Cariama_cristata	CARCRI	Cariamiformes	Cariamidae	Telluraves	1	green	#32A287
Casuarius_casuarius	CASCAS	Casuariiformes	Casuariidae	Palaeognathae	NA	black	#570407
Cathartes_aura	CATAUR	Accipitriformes	Cathartidae	Telluraves	1	green	#32A287
Catharus_fuscescens	CATFUS	Passeriformes	Turdidae	Telluraves	1	green	#32A287
Centropus_bengalensis	CENBEN	Cuculiformes	Cuculidae	Otidimorphae	5	red	#F8961E
Centropus_unirufus	CENUNI	Cuculiformes	Cuculidae	Otidimorphae	5	red	#F8961E
Cephalopterus_ornatus	CEPORN	Passeriformes	Cotingidae	Telluraves	1	green	#32A287
Cepphus_grylle	CEPGRY	Charadriiformes	Alcidae	Cursorimorphae	4	yellow	#E4D6A0
Cercotrichas_coryphaeus	CERCOR	Passeriformes	Muscicapidae	Telluraves	1	green	#32A287
Certhia_brachydactyla	CERBRA	Passeriformes	Certhiidae	Telluraves	1	green	#32A287
Certhia_familiaris	CERFAM	Passeriformes	Certhiidae	Telluraves	1	green	#32A287
Cettia_cetti	CETCET	Passeriformes	Scotocercidae	Telluraves	1	green	#32A287
Ceuthmochares_aereus	CEUAER	Cuculiformes	Cuculidae	Otidimorphae	5	red	#F8961E
Ceyx_cyanopectus	CEYCYA	Coraciiformes	Alcedinidae	Telluraves	1	green	#32A287
Chaetops_frenatus	CHAFRE	Passeriformes	Eupetidae	Telluraves	1	green	#32A287
Chaetorhynchus_papuensis	CHAPAP	Passeriformes	Rhipiduridae	Telluraves	1	green	#32A287
Chaetura_pelagica	CHAPEL	Strisores	Apodidae	Strisores	8	brown	#C4D6B0
Charadrius_alexandrinus	CHAALE	Charadriiformes	Charadriidae	Cursorimorphae	4	yellow	#E4D6A0
Charadrius_vociferus	CHAVOC	Charadriiformes	Charadriidae	Cursorimorphae	4	yellow	#E4D6A0
Chauna_torquata	CHATOR	Anseriformes	Anhimidae	Galloanseres	NA	black	#7D0D14
Chionis_minor	CHIMIN	Charadriiformes	Chionidae	Cursorimorphae	4	yellow	#E4D6A0
Chlamydotis_macqueenii	CHLMAC	Otidiformes	Otididae	Otidimorphae	5	red	#F8961E
Chloroceryle_aenea	CHLAEN	Coraciiformes	Alcedinidae	Telluraves	1	green	#32A287
Chlorodrepanis_virens	CHLVIR	Passeriformes	Fringillidae	Telluraves	1	green	#32A287
Chloropsis_cyanopogon	CHLCYA	Passeriformes	Irenidae	Telluraves	1	green	#32A287
Chloropsis_hardwickii	CHLHAR	Passeriformes	Irenidae	Telluraves	1	green	#32A287
Chordeiles_acutipennis	CHOACU	Strisores	Caprimulgidae	Strisores	8	brown	#C4D6B0
Chroicocephalus_maculipennis	CHRMAC	Charadriiformes	Laridae	Cursorimorphae	4	yellow	#E4D6A0
Chunga_burmeisteri	CHUBUR	Cariamiformes	Cariamidae	Telluraves	1	green	#32A287
Ciccaba_nigrolineata	CICNIG	Strigiformes	Strigidae	Telluraves	1	green	#32A287
Ciconia_maguari	CICMAG	Pelecaniformes	Ciconiidae	Aequornithes	2	darkblue	#1F7A8C
Cinclus_mexicanus	CINMEX	Passeriformes	Cinclidae	Telluraves	1	green	#32A287
Circaetus_pectoralis	CIRPEC	Accipitriformes	Accipitridae	Telluraves	1	green	#32A287
Cisticola_juncidis	CISJUN	Passeriformes	Cisticolidae	Telluraves	1	green	#32A287
Climacteris_rufus	CLIRUF	Passeriformes	Climacteridae	Telluraves	1	green	#32A287
Cnemophilus_loriae	CNELOR	Passeriformes	Cnemophilidae	Telluraves	1	green	#32A287
Cochlearius_cochlearius	COCCOC	Pelecaniformes	Ardeidae	Aequornithes	2	darkblue	#1F7A8C
Colinus_virginianus	COLVIR	Galliformes	Odontophoridae	Galloanseres	NA	black	#7D0D14
Colius_striatus	COLSTR	Coliiformes	Coliidae	Telluraves	1	green	#32A287
Columba_livia	COLLIV	Columbiformes	Columbidae	Columbimorphae	6	purple	#F3722C
Columbina_picui	COLPIC	Columbiformes	Columbidae	Columbimorphae	6	purple	#F3722C
Copsychus_sechellarum	COPSEC	Passeriformes	Muscicapidae	Telluraves	1	green	#32A287
Corvus_brachyrhynchos	CORBRA	Passeriformes	Corvidae	Telluraves	1	green	#32A287
Corvus_cornix	CORCOR	Passeriformes	Corvidae	Telluraves	1	green	#32A287
Corvus_moneduloides	CORMON	Passeriformes	Corvidae	Telluraves	1	green	#32A287
Corythaeola_cristata	CORCRI	Musophagiformes	Musophagidae	Otidimorphae	4	red	#F8961E
Corythaixoides_concolor	CORCON	Musophagiformes	Musophagidae	Otidimorphae	4	red	#F8961E
Coturnix_japonica	COTJAP	Galliformes	Phasianidae	Galloanseres	NA	black	#7D0D14
Crotophaga_sulcirostris	CROSUL	Cuculiformes	Cuculidae	Otidimorphae	4	red	#F8961E
Crypturellus_cinnamomeus	CRYCIN	Tinamiformes	Tinamidae	Palaeognathae	NA	black	#570407
Crypturellus_soui	CRYSOU	Tinamiformes	Tinamidae	Palaeognathae	NA	black	#570407
Crypturellus_undulatus	CRYUND	Tinamiformes	Tinamidae	Palaeognathae	NA	black	#570407
Cuculus_canorus	CUCCAN	Cuculiformes	Cuculidae	Otidimorphae	4	red	#F8961E
Daphoenositta_chrysoptera	DAPCHR	Passeriformes	Neosittidae	Telluraves	1	green	#32A287
Dasyornis_broadbenti	DASBRO	Passeriformes	Dasyornithidae	Telluraves	1	green	#32A287
Dicaeum_eximium	DICEXI	Passeriformes	Dicaeidae	Telluraves	1	green	#32A287
Dicrurus_megarhynchus	DICMEG	Passeriformes	Dicruridae	Telluraves	1	green	#32A287
Donacobius_atricapilla	DONATR	Passeriformes	Donacobiidae	Telluraves	1	green	#32A287
Dromaius_novaehollandiae	DRONOV	Casuariiformes	Casuariidae	Palaeognathae	NA	black	#570407
Dromas_ardeola	DROARD	Charadriiformes	Dromadidae	Cursorimorphae	4	yellow	#E4D6A0
Drymodes_brunneopygia	DRYBRU	Passeriformes	Petroicidae	Telluraves	1	green	#32A287
Dryoscopus_gambensis	DRYGAM	Passeriformes	Malaconotidae	Telluraves	1	green	#32A287
Dyaphorophyia_castanea	DYACAS	Passeriformes	Platysteiridae	Telluraves	1	green	#32A287
Edolisoma_coerulescens	EDOCOE	Passeriformes	Campephagidae	Telluraves	1	green	#32A287
Egretta_garzetta	EGRGAR	Pelecaniformes	Ardeidae	Aequornithes	2	darkblue	#1F7A8C
Elachura_formosa	ELAFOR	Passeriformes	Timaliidae	Telluraves	1	green	#32A287
Emberiza_fucata	EMBFUC	Passeriformes	Emberizidae	Telluraves	1	green	#32A287
Eolophus_roseicapillus	EOLROS	Psittaciformes	Cacatuidae	Telluraves	1	green	#32A287
Erithacus_rubecula	ERIRUB	Passeriformes	Muscicapidae	Telluraves	1	green	#32A287
Erpornis_zantholeuca	ERPZAN	Passeriformes	Vireonidae	Telluraves	1	green	#32A287
Erythrocercus_mccallii	ERYMCC	Passeriformes	Scotocercidae	Telluraves	1	green	#32A287
Eubucco_bourcierii	EUBBOU	Piciformes	Ramphastidae	Telluraves	1	green	#32A287
Eudromia_elegans	EUDELE	Tinamiformes	Tinamidae	Palaeognathae	NA	black	#570407
Eulacestoma_nigropectus	EULNIG	Passeriformes	Eulacestomatidae	Telluraves	1	green	#32A287
Eurypyga_helias	EURHEL	Eurypygiformes	Eurypygidae	Phaethontimorphae	3	lightblue	#5C6F83
Eurystomus_gularis	EURGUL	Coraciiformes	Coraciidae	Telluraves	1	green	#32A287
Falco_cherrug	FALCHE	Falconiformes	Falconidae	Telluraves	1	green	#32A287
Falco_peregrinus	FALPER	Falconiformes	Falconidae	Telluraves	1	green	#32A287
Falcunculus_frontatus	FALFRO	Passeriformes	Falcunculidae	Telluraves	1	green	#32A287
Ficedula_albicollis	FICALB	Passeriformes	Muscicapidae	Telluraves	1	green	#32A287
Formicarius_rufipectus	FORRUF	Passeriformes	Formicariidae	Telluraves	1	green	#32A287
Fregata_magnificens	FREMAG	Pelecaniformes	Fregatidae	Aequornithes	2	darkblue	#1F7A8C
Fregetta_grallaria	FREGRA	Procellariiformes	Oceanitidae	Aequornithes	2	darkblue	#1F7A8C
Fulmarus_glacialis	FULGLA	Procellariiformes	Procellariidae	Aequornithes	2	darkblue	#1F7A8C
Furnarius_figulus	FURFIG	Passeriformes	Furnariidae	Telluraves	1	green	#32A287
Galbula_dea	GALDEA	Piciformes	Galbulidae	Telluraves	1	green	#32A287
Gallus_gallus	GALGAL	Galliformes	Phasianidae	Galloanseres	NA	black	#7D0D14
Gavia_stellata	GAVSTE	Gaviiformes	Gaviidae	Aequornithes	2	darkblue	#1F7A8C
Geococcyx_californianus	GEOCAL	Cuculiformes	Cuculidae	Otidimorphae	4	red	#F8961E
Geospiza_fortis	GEOFOR	Passeriformes	Thraupidae	Telluraves	1	green	#32A287
Glareola_pratincola	GLAPRA	Charadriiformes	Glareolidae	Cursorimorphae	4	yellow	#E4D6A0
Glaucidium_brasilianum	GLABRA	Strigiformes	Strigidae	Telluraves	1	green	#32A287
Grallaria_varia	GRAVAR	Passeriformes	Grallariidae	Telluraves	1	green	#32A287
Grantiella_picta	GRAPIC	Passeriformes	Meliphagidae	Telluraves	1	green	#32A287
Grus_americana	GRUAME	Gruiformes	Gruidae	Cursorimorphae	4	yellow	#E4D6A0
Gymnorhina_tibicen	GYMTIB	Passeriformes	Artamidae	Telluraves	1	green	#32A287
Halcyon_senegalensis	HALSEN	Coraciiformes	Alcedinidae	Telluraves	1	green	#32A287
Haliaeetus_albicilla	HALALB	Accipitriformes	Accipitridae	Telluraves	1	green	#32A287
Haliaeetus_leucocephalus	HALLEU	Accipitriformes	Accipitridae	Telluraves	1	green	#32A287
Heliornis_fulica	HELFUL	Gruiformes	Heliornithidae	Cursorimorphae	4	orange	#E4D6A0
Hemignathus_wilsoni	HEMWIL	Passeriformes	Fringillidae	Telluraves	1	green	#32A287
Hemiprocne_comata	HEMCOM	Strisores	Apodidae	Strisores	8	brown	#C4D6B0
Herpetotheres_cachinnans	HERCAC	Falconiformes	Falconidae	Telluraves	1	green	#32A287
Himantopus_himantopus	HIMHIM	Charadriiformes	Recurvirostridae	Cursorimorphae	4	yellow	#E4D6A0
Hippolais_icterina	HIPICT	Passeriformes	Acrocephalidae	Telluraves	1	green	#32A287
Hirundo_rustica	HIRRUS	Passeriformes	Hirundinidae	Telluraves	1	green	#32A287
Horornis_vulcanius	HORVUL	Passeriformes	Scotocercidae	Telluraves	1	green	#32A287
Hydrobates_tethys	HYDTET	Procellariiformes	Hydrobatidae	Aequornithes	2	darkblue	#1F7A8C
Hylia_prasina	HYLPRA	Passeriformes	Scotocercidae	Telluraves	1	green	#32A287
Hypocryptadius_cinnamomeus	HYPCIN	Passeriformes	Passeridae	Telluraves	1	green	#32A287
Ibidorhyncha_struthersii	IBISTR	Charadriiformes	Haematopodidae	Cursorimorphae	4	yellow	#E4D6A0
Ifrita_kowaldi	IFRKOW	Passeriformes	Ifritidae	Telluraves	1	green	#32A287
Illadopsis_cleaveri	ILLCLE	Passeriformes	Pellorneidae	Telluraves	1	green	#32A287
Indicator_maculatus	INDMAC	Piciformes	Indicatoridae	Telluraves	1	green	#32A287
Irena_cyanogastra	IRECYA	Passeriformes	Irenidae	Telluraves	1	green	#32A287
Jacana_jacana	JACJAC	Charadriiformes	Jacanidae	Cursorimorphae	4	yellow	#E4D6A0
Junco_hyemalis	JUNHYE	Passeriformes	Passerellidae	Telluraves	1	green	#32A287
Lanius_ludovicianus	LANLUD	Passeriformes	Laniidae	Telluraves	1	green	#32A287
Larus_smithsonianus	LARSMI	Charadriiformes	Laridae	Cursorimorphae	4	yellow	#E4D6A0
Leiothrix_lutea	LEILUT	Passeriformes	Leiothrichidae	Telluraves	1	green	#32A287
Lepidothrix_coronata	LEPCOR	Passeriformes	Pipridae	Telluraves	1	green	#32A287
Leptocoma_aspasia	LEPASP	Passeriformes	Nectariniidae	Telluraves	1	green	#32A287
Leptosomus_discolor	LEPDIS	Leptosomatiformes	Leptosomidae	Telluraves	1	green	#32A287
Leucopsar_rothschildi	LEUROT	Passeriformes	Sturnidae	Telluraves	1	green	#32A287
Limosa_lapponica	LIMLAP	Charadriiformes	Scolopacidae	Cursorimorphae	4	yellow	#E4D6A0
Locustella_ochotensis	LOCOCH	Passeriformes	Locustellidae	Telluraves	1	green	#32A287
Lonchura_striata	LONSTR	Passeriformes	Estrildidae	Telluraves	1	green	#32A287
Lophotis_ruficrista	LOPRUF	Otidiformes	Otididae	Otidimorphae	4	red	#F8961E
Loxia_curvirostra	LOXCUR	Passeriformes	Fringillidae	Telluraves	1	green	#32A287
Loxia_leucoptera	LOXLEU	Passeriformes	Fringillidae	Telluraves	1	green	#32A287
Machaerirhynchus_nigripectus	MACNIG	Passeriformes	Machaerirhynchidae	Telluraves	1	green	#32A287
Malurus_elegans	MALELE	Passeriformes	Maluridae	Telluraves	1	green	#32A287
Manacus_manacus	MANMAN	Passeriformes	Pipridae	Telluraves	1	green	#32A287
Melanocharis_versteri	MELVER	Passeriformes	Melanocharitidae	Telluraves	1	green	#32A287
Meleagris_gallopavo	MELGAL	Galliformes	Phasianidae	Galloanseres	NA	black	#7D0D14
Melopsittacus_undulatus	MELUND	Psittaciformes	Psittaculidae	Telluraves	1	green	#32A287
Melospiza_melodia	MELMEL	Passeriformes	Passerellidae	Telluraves	1	green	#32A287
Menura_novaehollandiae	MENNOV	Passeriformes	Menuridae	Telluraves	1	green	#32A287
Merops_nubicus	MERNUB	Coraciiformes	Meropidae	Telluraves	1	green	#32A287
Mesembrinibis_cayennensis	MESCAY	Pelecaniformes	Threskiornithidae	Aequornithes	2	darkblue	#1F7A8C
Mesitornis_unicolor	MESUNI	Mesitornithiformes	Mesitornithidae	Columbimorphae	6	purple	#F3722C
Mionectes_macconnelli	MIOMAC	Passeriformes	Pipromorphidae	Telluraves	1	green	#32A287
Mohoua_ochrocephala	MOHOCH	Passeriformes	Mohouidae	Telluraves	1	green	#32A287
Molothrus_ater	MOLATE	Passeriformes	Icteridae	Telluraves	1	green	#32A287
Motacilla_alba	MOTALB	Passeriformes	Motacillidae	Telluraves	1	green	#32A287
Myiagra_hebetior	MYIHEB	Passeriformes	Monarchidae	Telluraves	1	green	#32A287
Mystacornis_crossleyi	MYSCRO	Passeriformes	Vangidae	Telluraves	1	green	#32A287
Neodrepanis_coruscans	NEOCOR	Passeriformes	Philepittidae	Telluraves	1	green	#32A287
Neopipo_cinnamomea	NEOCIN	Passeriformes	Platyrinchidae	Telluraves	1	green	#32A287
Nesospiza_acunhae	NESACU	Passeriformes	Thraupidae	Telluraves	1	green	#32A287
Nestor_notabilis	NESNOT	Psittaciformes	Strigopidae	Telluraves	1	green	#32A287
Nicator_chloris	NICCHL	Passeriformes	Nicatoridae	Telluraves	1	green	#32A287
Nipponia_nippon	NIPNIP	Pelecaniformes	Threskiornithidae	Aequornithes	2	darkblue	#1F7A8C
Nothocercus_julius	NOTJUL	Tinamiformes	Tinamidae	Palaeognathae	NA	black	#570407
Nothocercus_nigrocapillus	NOTNIG	Tinamiformes	Tinamidae	Palaeognathae	NA	black	#570407
Nothoprocta_ornata	NOTORN	Tinamiformes	Tinamidae	Palaeognathae	NA	black	#570407
Nothoprocta_pentlandii	NOTPEN	Tinamiformes	Tinamidae	Palaeognathae	NA	black	#570407
Nothoprocta_perdicaria	NOTPER	Tinamiformes	Tinamidae	Palaeognathae	NA	black	#570407
Notiomystis_cincta	NOTCIN	Passeriformes	Notiomystidae	Telluraves	1	green	#32A287
Numida_meleagris	NUMMEL	Galliformes	Numididae	Galloanseres	NA	black	#7D0D14
Nyctibius_bracteatus	NYCBRA	Strisores	Nyctibiidae	Strisores	8	brown	#C4D6B0
Nyctibius_grandis	NYCGRA	Strisores	Nyctibiidae	Strisores	8	brown	#C4D6B0
Nycticryphes_semicollaris	NYCSEM	Charadriiformes	Rostratulidae	Cursorimorphae	4	yellow	#E4D6A0
Nyctiprogne_leucopyga	NYCLEU	Strisores	Caprimulgidae	Strisores	8	brown	#C4D6B0
Oceanites_oceanicus	OCEOCE	Procellariiformes	Oceanitidae	Aequornithes	2	darkblue	#1F7A8C
Odontophorus_gujanensis	ODOGUJ	Galliformes	Odontophoridae	Galloanseres	NA	black	#7D0D14
Oenanthe_oenanthe	OENOEN	Passeriformes	Muscicapidae	Telluraves	1	green	#32A287
Onychorhynchus_coronatus	ONYCOR	Passeriformes	Onychorhynchidae	Telluraves	1	green	#32A287
Opisthocomus_hoazin	OPIHOA	Opisthocomiformes	Opisthocomidae	Opisthocomiformes	9	grey	#F9C74F
Oreocharis_arfaki	OREARF	Passeriformes	Paramythiidae	Telluraves	1	green	#32A287
Oreotrochilus_melanogaster	OREMEL	Strisores	Trochilidae	Strisores	8	brown	#C4D6B0
Origma_solitaria	ORISOL	Passeriformes	Acanthizidae	Telluraves	1	green	#32A287
Oriolus_oriolus	ORIORI	Passeriformes	Oriolidae	Telluraves	1	green	#32A287
Orthonyx_spaldingii	ORTSPA	Passeriformes	Orthonychidae	Telluraves	1	green	#32A287
Oxylabes_madagascariensis	OXYMAD	Passeriformes	Bernieridae	Telluraves	1	green	#32A287
Oxyruncus_cristatus	OXYCRI	Passeriformes	Oxyruncidae	Telluraves	1	green	#32A287
Pachycephala_philippinensis	PACPHI	Passeriformes	Pachycephalidae	Telluraves	1	green	#32A287
Pachyramphus_minor	PACMIN	Passeriformes	Tityridae	Telluraves	1	green	#32A287
Pandion_haliaetus	PANHAL	Accipitriformes	Pandionidae	Telluraves	1	green	#32A287
Panurus_biarmicus	PANBIA	Passeriformes	Panuridae	Telluraves	1	green	#32A287
Paradisaea_raggiana	PARRAG	Passeriformes	Paradisaeidae	Telluraves	1	green	#32A287
Pardalotus_punctatus	PARPUN	Passeriformes	Pardalotidae	Telluraves	1	green	#32A287
Parus_major	PARMAJ	Passeriformes	Paridae	Telluraves	1	green	#32A287
Passer_domesticus	PASDOM	Passeriformes	Passeridae	Telluraves	1	green	#32A287
Passerina_amoena	PASAMO	Passeriformes	Cardinalidae	Telluraves	1	green	#32A287
Patagioenas_fasciata	PATFAS	Columbiformes	Columbidae	Columbimorphae	6	purple	#F3722C
Pedionomus_torquatus	PEDTOR	Charadriiformes	Pedionomidae	Cursorimorphae	4	yellow	#E4D6A0
Pelecanoides_urinatrix	PELURI	Procellariiformes	Procellariidae	Aequornithes	2	darkblue	#1F7A8C
Pelecanus_crispus	PELCRI	Pelecaniformes	Pelecanidae	Aequornithes	2	darkblue	#1F7A8C
Penelope_pileata	PENPIL	Galliformes	Cracidae	Galloanseres	NA	black	#7D0D14
Peucedramus_taeniatus	PEUTAE	Passeriformes	Peucedramidae	Telluraves	1	green	#32A287
Phaethon_lepturus	PHALEP	Phaethontiformes	Phaethontidae	Phaethontimorphae	3	lightblue	#5C6F83
Phaetusa_simplex	PHASIM	Charadriiformes	Laridae	Cursorimorphae	4	yellow	#E4D6A0
Phainopepla_nitens	PHANIT	Passeriformes	Ptiliogonatidae	Telluraves	1	green	#32A287
Phalacrocorax_auritus	NANAUR	Pelecaniformes	Phalacrocoracidae	Aequornithes	2	darkblue	#1F7A8C
Phalacrocorax_brasilianus	NANBRA	Pelecaniformes	Phalacrocoracidae	Aequornithes	2	darkblue	#1F7A8C
Phalacrocorax_carbo	PHACAR	Pelecaniformes	Phalacrocoracidae	Aequornithes	2	darkblue	#1F7A8C
Phalacrocorax_harrisi	NANHAR	Pelecaniformes	Phalacrocoracidae	Aequornithes	2	darkblue	#1F7A8C
Phalacrocorax_pelagicus	URIPEL	Pelecaniformes	Phalacrocoracidae	Aequornithes	2	darkblue	#1F7A8C
Phasianus_colchicus	PHACOL	Galliformes	Phasianidae	Galloanseres	NA	black	#7D0D14
Pheucticus_melanocephalus	PHEMEL	Passeriformes	Cardinalidae	Telluraves	1	green	#32A287
Phoenicopterus_ruber	PHORUB	Phoenicopteriformes	Phoenicopteridae	Mirandornithes	7	pink	#F94144
Phylloscopus_trochilus	PHYTRO	Passeriformes	Phylloscopidae	Telluraves	1	green	#32A287
Piaya_cayana	PIACAY	Cuculiformes	Cuculidae	Otidimorphae	4	red	#F8961E
Picathartes_gymnocephalus	PICGYM	Passeriformes	Eupetidae	Telluraves	1	green	#32A287
Picoides_pubescens	PICPUB	Piciformes	Picidae	Telluraves	1	green	#32A287
Piprites_chloris	PIPCHL	Passeriformes	Pipritidae	Telluraves	1	green	#32A287
Pitta_sordida	PITSOR	Passeriformes	Pittidae	Telluraves	1	green	#32A287
Ploceus_nigricollis	PLONIG	Passeriformes	Ploceidae	Telluraves	1	green	#32A287
Pluvianellus_socialis	PLUSOC	Charadriiformes	Chionidae	Cursorimorphae	4	yellow	#E4D6A0
Podargus_strigoides	PODSTR	Strisores	Podargidae	Strisores	8	brown	#C4D6B0
Podiceps_cristatus	PODCRI	Podicipediformes	Podicipedidae	Mirandornithes	7	pink	#F94144
Podilymbus_podiceps	PODPOD	Podicipediformes	Podicipedidae	Mirandornithes	7	pink	#F94144
Poecile_atricapillus	POEATR	Passeriformes	Paridae	Telluraves	1	green	#32A287
Polioptila_caerulea	POLCAE	Passeriformes	Polioptilidae	Telluraves	1	green	#32A287
Pomatorhinus_ruficollis	PORRUF	Passeriformes	Timaliidae	Telluraves	1	green	#32A287
Pomatostomus_ruficeps	POSRUF	Passeriformes	Pomatostomidae	Telluraves	1	green	#32A287
Probosciger_aterrimus	PROATE	Psittaciformes	Cacatuidae	Telluraves	1	green	#32A287
Promerops_cafer	PROCAF	Passeriformes	Promeropidae	Telluraves	1	green	#32A287
Prunella_fulvescens	PRUFUL	Passeriformes	Prunellidae	Telluraves	1	green	#32A287
Prunella_himalayana	PRUHIM	Passeriformes	Prunellidae	Telluraves	1	green	#32A287
Pseudopodoces_humilis	PSEHUM	Passeriformes	Paridae	Telluraves	1	green	#32A287
Psilopogon_haemacephalus	PSIHAE	Piciformes	Ramphastidae	Telluraves	1	green	#32A287
Psophia_crepitans	PSOCRE	Gruiformes	Psophiidae	Cursorimorphae	4	orange	#E4D6A0
Pterocles_burchelli	PTEBUR	Pterocliformes	Pteroclidae	Columbimorphae	6	purple	#F3722C
Pterocles_gutturalis	PTEGUT	Pterocliformes	Pteroclidae	Columbimorphae	6	purple	#F3722C
Pteruthius_melanotis	PTEMEL	Passeriformes	Vireonidae	Telluraves	1	green	#32A287
Ptilonorhynchus_violaceus	PTIVIO	Passeriformes	Ptilonorhynchidae	Telluraves	1	green	#32A287
Ptilorrhoa_leucosticta	PTILEU	Passeriformes	Cinclosomatidae	Telluraves	1	green	#32A287
Pycnonotus_jocosus	PYCJOC	Passeriformes	Pycnonotidae	Telluraves	1	green	#32A287
Pygoscelis_adeliae	PYGADE	Sphenisciformes	Spheniscidae	Aequornithes	2	darkblue	#1F7A8C
Quiscalus_mexicanus	QUIMEX	Passeriformes	Icteridae	Telluraves	1	green	#32A287
Ramphastos_sulfuratus	RAMSUL	Piciformes	Ramphastidae	Telluraves	1	green	#32A287
Regulus_satrapa	REGSAT	Passeriformes	Regulidae	Telluraves	1	green	#32A287
Rhabdornis_inornatus	RHAINO	Passeriformes	Sturnidae	Telluraves	1	green	#32A287
Rhadina_sibilatrix	RHASIB	Passeriformes	Phylloscopidae	Telluraves	1	green	#32A287
Rhagologus_leucostigma	RHALEU	Passeriformes	Rhagologidae	Telluraves	1	green	#32A287
Rhea_americana	RHEAME	Rheiformes	Rheidae	Palaeognathae	NA	black	#570407
Rhea_pennata	RHEPEN	Rheiformes	Rheidae	Palaeognathae	NA	black	#570407
Rhegmatorhina_hoffmannsi	RHEHOF	Passeriformes	Thamnophilidae	Telluraves	1	green	#32A287
Rhinopomastus_cyanomelas	RHICYA	Bucerotiformes	Phoeniculidae	Telluraves	1	green	#32A287
Rhinoptilus_africanus	RHIAFR	Charadriiformes	Glareolidae	Cursorimorphae	4	yellow	#E4D6A0
Rhipidura_dahli	RHIDAH	Passeriformes	Rhipiduridae	Telluraves	1	green	#32A287
Rhodinocichla_rosea	RHOROS	Passeriformes	Rhodinocichlidae	Telluraves	1	green	#32A287
Rhynochetos_jubatus	RHYJUB	Eurypygiformes	Rhynochetidae	Phaethontimorphae	3	lightblue	#5C6F83
Rissa_tridactyla	RISTRI	Charadriiformes	Laridae	Cursorimorphae	4	yellow	#E4D6A0
Rostratula_benghalensis	ROSBEN	Charadriiformes	Rostratulidae	Cursorimorphae	4	yellow	#E4D6A0
Rynchops_niger	RYNNIG	Charadriiformes	Laridae	Cursorimorphae	4	yellow	#E4D6A0
Sagittarius_serpentarius	SAGSER	Accipitriformes	Sagittariidae	Telluraves	1	green	#32A287
Sakesphorus_luctuosus	SAKLUC	Passeriformes	Thamnophilidae	Telluraves	1	green	#32A287
Sapayoa_aenigma	SAPAEN	Passeriformes	Sapayoidae	Telluraves	1	green	#32A287
Saxicola_maurus	SAXMAU	Passeriformes	Muscicapidae	Telluraves	1	green	#32A287
Sclerurus_mexicanus	SCLMEX	Passeriformes	Scleruridae	Telluraves	1	green	#32A287
Scopus_umbretta	SCOUMB	Pelecaniformes	Scopidae	Aequornithes	2	darkblue	#1F7A8C
Scytalopus_superciliaris	SCYSUP	Passeriformes	Rhinocryptidae	Telluraves	1	green	#32A287
Semnornis_frantzii	SEMFRA	Piciformes	Ramphastidae	Telluraves	1	green	#32A287
Serilophus_lunatus	SERLUN	Passeriformes	Eurylaimidae	Telluraves	1	green	#32A287
Serinus_canaria	SERCAN	Passeriformes	Fringillidae	Telluraves	1	green	#32A287
Setophaga_coronata	SETCOR	Passeriformes	Parulidae	Telluraves	1	green	#32A287
Setophaga_kirtlandii	SETKIR	Passeriformes	Parulidae	Telluraves	1	green	#32A287
Sinosuthora_webbiana	SINWEB	Passeriformes	Sylviidae	Telluraves	1	green	#32A287
Sitta_europaea	SITEUR	Passeriformes	Sittidae	Telluraves	1	green	#32A287
Smithornis_capensis	SMICAP	Passeriformes	Calyptomenidae	Telluraves	1	green	#32A287
Spizaetus_tyrannus	SPITYR	Accipitriformes	Accipitridae	Telluraves	1	green	#32A287
Spizella_passerina	SPIPAS	Passeriformes	Passerellidae	Telluraves	1	green	#32A287
Sporophila_hypoxantha	SPOHYP	Passeriformes	Thraupidae	Telluraves	1	green	#32A287
Steatornis_caripensis	STECAR	Strisores	Steatornithidae	Strisores	8	brown	#C4D6B0
Stercorarius_parasiticus	STEPAR	Charadriiformes	Stercorariidae	Cursorimorphae	4	yellow	#E4D6A0
Sterrhoptilus_dennistouni	STEDEN	Passeriformes	Zosteropidae	Telluraves	1	green	#32A287
Strix_occidentalis	STROCC	Strigiformes	Strigidae	Telluraves	1	green	#32A287
Struthidea_cinerea	STRCIN	Passeriformes	Corcoracidae	Telluraves	1	green	#32A287
Struthio_camelus	STRCAM	Struthioniformes	Struthionidae	Palaeognathae	NA	black	#570407
Sturnus_vulgaris	STUVUL	Passeriformes	Sturnidae	Telluraves	1	green	#32A287
Sula_dactylatra	SULDAC	Pelecaniformes	Sulidae	Aequornithes	2	darkblue	#1F7A8C
Sylvia_atricapilla	SYLATR	Passeriformes	Sylviidae	Telluraves	1	green	#32A287
Sylvia_borin	SYLBOR	Passeriformes	Sylviidae	Telluraves	1	green	#32A287
Sylvietta_virens	SYLVIR	Passeriformes	Macrosphenidae	Telluraves	1	green	#32A287
Syrrhaptes_paradoxus	SYRPAR	Pterocliformes	Pteroclidae	Columbimorphae	6	purple	#F3722C
Tachuris_rubrigastra	TACRUB	Passeriformes	Tachurididae	Telluraves	1	green	#32A287
Taeniopygia_guttata	TAEGUT	Passeriformes	Estrildidae	Telluraves	1	green	#32A287
Tauraco_erythrolophus	TAUERY	Musophagiformes	Musophagidae	Otidimorphae	5	red	#F8961E
Thalassarche_chlororhynchos	THACHL	Procellariiformes	Diomedeidae	Aequornithes	2	darkblue	#1F7A8C
Thinocorus_orbignyianus	THIORB	Charadriiformes	Thinocoridae	Cursorimorphae	4	yellow	#E4D6A0
Thryothorus_ludovicianus	THRLUD	Passeriformes	Troglodytidae	Telluraves	1	green	#32A287
Tichodroma_muraria	TICMUR	Passeriformes	Sittidae	Telluraves	1	green	#32A287
Tinamus_guttatus	TINGUT	Tinamiformes	Tinamidae	Palaeognathae	NA	black	#570407
Todus_mexicanus	TODMEX	Coraciiformes	Todidae	Telluraves	1	green	#32A287
Toxostoma_redivivum	TOXRED	Passeriformes	Mimidae	Telluraves	1	green	#32A287
Tricholaema_leucomelas	TRILEU	Piciformes	Ramphastidae	Telluraves	1	green	#32A287
Trogon_melanurus	TROMEL	Trogoniformes	Trogonidae	Telluraves	1	green	#32A287
Turnix_velox	TURVEL	Charadriiformes	Turnicidae	Cursorimorphae	4	yellow	#E4D6A0
Tympanuchus_cupido	TYMCUP	Galliformes	Phasianidae	Galloanseres	NA	black	#7D0D14
Tyrannus_savana	TYRSAV	Passeriformes	Tyrannidae	Telluraves	1	green	#32A287
Tyto_alba	TYTALB	Strigiformes	Tytonidae	Telluraves	1	green	#32A287
Upupa_epops	UPUEPO	Bucerotiformes	Upupidae	Telluraves	1	green	#32A287
Uria_lomvia	URIAAL	Charadriiformes	Alcidae	Cursorimorphae	4	yellow	#E4D6A0
Uria_aalge	URILOM	Charadriiformes	Alcidae	Cursorimorphae	4	yellow	#E4D6A0
Urocolius_indicus	UROIND	Coliiformes	Coliidae	Telluraves	1	green	#32A287
Urocynchramus_pylzowi	UROPYL	Passeriformes	Urocynchramidae	Telluraves	1	green	#32A287
Vidua_chalybeata	VIDCHA	Passeriformes	Viduidae	Telluraves	1	green	#32A287
Vidua_macroura	VIDMAC	Passeriformes	Viduidae	Telluraves	1	green	#32A287
Vireo_altiloquus	VIRALT	Passeriformes	Vireonidae	Telluraves	1	green	#32A287
Xiphorhynchus_elegans	XIPELE	Passeriformes	Furnariidae	Telluraves	1	green	#32A287
Zapornia_atra	ZAPATR	Gruiformes	Rallidae	Cursorimorphae	4	orange	#E4D6A0
Zonotrichia_albicollis	ZONALB	Passeriformes	Passerellidae	Telluraves	1	green	#32A287
Zosterops_hypoxanthus	ZOSHYP	Passeriformes	Zosteropidae	Telluraves	1	green	#32A287
Zosterops_lateralis	ZOSLAT	Passeriformes	Zosteropidae	Telluraves	1	green	#32A287
